email,password
performance1@test.com,TestPassword123!
performance2@test.com,TestPassword123!
performance3@test.com,TestPassword123!
performance4@test.com,TestPassword123!
performance5@test.com,TestPassword123!
performance6@test.com,TestPassword123!
performance7@test.com,TestPassword123!
performance8@test.com,TestPassword123!
performance9@test.com,TestPassword123!
performance10@test.com,TestPassword123!
performance11@test.com,TestPassword123!
performance12@test.com,TestPassword123!
performance13@test.com,TestPassword123!
performance14@test.com,TestPassword123!
performance15@test.com,TestPassword123!
performance16@test.com,TestPassword123!
performance17@test.com,TestPassword123!
performance18@test.com,TestPassword123!
performance19@test.com,TestPassword123!
performance20@test.com,TestPassword123!
performance21@test.com,TestPassword123!
performance22@test.com,TestPassword123!
performance23@test.com,TestPassword123!
performance24@test.com,TestPassword123!
performance25@test.com,TestPassword123!
