email,password,phoneNumber,firstName,lastName
performance1@test.com,TestPassword123!,0820000001,Performance,User1
performance2@test.com,TestPassword123!,0820000002,Performance,User2
performance3@test.com,TestPassword123!,0820000003,Performance,User3
performance4@test.com,TestPassword123!,0820000004,Performance,User4
performance5@test.com,TestPassword123!,0820000005,Performance,User5
performance6@test.com,TestPassword123!,0820000006,Performance,User6
performance7@test.com,TestPassword123!,0820000007,Performance,User7
performance8@test.com,TestPassword123!,0820000008,Performance,User8
performance9@test.com,TestPassword123!,0820000009,Performance,User9
performance10@test.com,TestPassword123!,0820000010,Performance,User10
performance11@test.com,TestPassword123!,0820000011,Performance,User11
performance12@test.com,TestPassword123!,0820000012,Performance,User12
performance13@test.com,TestPassword123!,0820000013,Performance,User13
performance14@test.com,TestPassword123!,0820000014,Performance,User14
performance15@test.com,TestPassword123!,0820000015,Performance,User15
performance16@test.com,TestPassword123!,0820000016,Performance,User16
performance17@test.com,TestPassword123!,0820000017,Performance,User17
performance18@test.com,TestPassword123!,0820000018,Performance,User18
performance19@test.com,TestPassword123!,0820000019,Performance,User19
performance20@test.com,TestPassword123!,0820000020,Performance,User20
performance21@test.com,TestPassword123!,0820000021,Performance,User21
performance22@test.com,TestPassword123!,0820000022,Performance,User22
performance23@test.com,TestPassword123!,0820000023,Performance,User23
performance24@test.com,TestPassword123!,0820000024,Performance,User24
performance25@test.com,TestPassword123!,0820000025,Performance,User25